{"cameraMode":{"drawMode":0,"name":"Shaded","section":"Shading Mode"},"sceneLighting":true,"audioPlay":false,"sceneViewState":{"showFog":true,"showMaterialUpdate":false,"showSkybox":true,"showFlares":true,"showImageEffects":true,"showParticleSystems":true},"in2DMode":false,"pivot":{"x":0.04620361328125,"y":0.41717529296875,"z":-1.76220703125},"rotation":{"x":0.2247011810541153,"y":-0.135421022772789,"z":0.03155086934566498,"w":0.9644584655761719},"size":0.6222919225692749,"orthographic":true}